{"cameraMode":{"drawMode":0,"name":"Shaded","section":"Shading Mode"},"sceneLighting":true,"audioPlay":false,"sceneViewState":{"showFog":true,"showMaterialUpdate":false,"showSkybox":true,"showFlares":true,"showImageEffects":true,"showParticleSystems":true},"in2DMode":false,"pivot":{"x":0.09866730868816376,"y":0.3274114727973938,"z":-0.21098291873931886},"rotation":{"x":-0.07500020414590836,"y":0.9248960018157959,"z":-0.25628116726875307,"w":-0.27067023515701296},"size":2.8161933422088625,"orthographic":true}